{
    "политика конфиденциальность": 0.5789692090629928,
    "обработка персональный": 0.5555647771599302,
    "персональный данные": 0.4978006473566271,
    "электронный почта": 0.47186488505270147,
    "защита персональный": 0.38837247904390404,
    "российский федерация": 0.3767117603120591,
    "согласие обработка": 0.37393144659307825,
    "нести ответственность": 0.350112042493153,
    "действующий законодательство": 0.3472072371151133,
    "персональный пользователь": 0.3292804382106399,
    "федеральный закон": 0.3249232301435804,
    "обновление изменение": 0.32475724126483524,
    "конфиденциальность политика": 0.3215619553489916,
    "накопление хранение": 0.3208150053946386,
    "политика конфиденциальность политика": 0.3193626027056187,
    "сеть интернет": 0.31824217777408914,
    "систематизация накопление": 0.3172047472819321,
    "уточнение обновление": 0.315420366835422,
    "уточнение обновление изменение": 0.3153373723960495,
    "согласие обработка персональный": 0.3148394057598141,
    "систематизация накопление хранение": 0.3141339530251473,
    "хранение уточнение": 0.31272304755581376,
    "накопление хранение уточнение": 0.30965225329902896,
    "систематизация накопление хранение уточнение": 0.3091127894431073,
    "субъект персональный": 0.30707942567847957,
    "данные пользователь": 0.3054195368910283,
    "хранение уточнение обновление": 0.304340609179185,
    "хранение уточнение обновление изменение": 0.30425761473981244,
    "обратный связь": 0.30313718980828286,
    "законодательство российский": 0.3016432898995767,
    "законодательство российский федерация": 0.3015602954602042,
    "накопление хранение уточнение обновление": 0.3015602954602042,
    "персональный обработка": 0.30085484272553736,
    "общий положение": 0.2975350651506349,
    "средство автоматизация": 0.2938418125985559,
    "защита правый": 0.29160096273549674,
    "конфиденциальность политика конфиденциальность": 0.2905635322433397,
    "политика конфиденциальность политика конфиденциальность": 0.2894431073118101,
    "изменение политика": 0.2853763797825546,
    "фамилия отчество": 0.2811021661548676,
    "уничтожение персональный": 0.2808946800564362,
    "персональный данные пользователь": 0.2804382106398871,
    "обезличивание блокирование": 0.27574902481533736,
    "предоставление доступ": 0.2719312806041995,
    "технический мера": 0.27188978338451325,
    "организационный технический": 0.269192464104905,
    "закон персональный": 0.2675325753174537,
    "организационный технический мера": 0.2666611337040418,
    "блокирование удаление": 0.2664536476056104,
    "обработка персональный пользователь": 0.2645447755000415,
    "персональный далее": 0.26408830608349243,
    "удаление уничтожение": 0.2635073450078845,
    "персональный обработка персональный": 0.26155697568262926,
    "блокирование удаление уничтожение": 0.2606440368495311,
    "далее политика": 0.25935762303925636,
    "федеральный закон персональный": 0.25923313138019755,
    "запись систематизация": 0.25890115362270727,
    "запись систематизация накопление": 0.25744875093368746,
    "запись систематизация накопление хранение": 0.25695078429745205,
    "изменение извлечение": 0.2557473649265499,
    "обновление изменение извлечение": 0.25549838160843225,
    "мера защита": 0.2547929288737655,
    "уточнение обновление изменение извлечение": 0.254128973358785,
    "сбор запись": 0.2538799900406673,
    "вносить изменение": 0.253548012283177,
    "номер телефон": 0.2531330400863142,
    "доступ персональный": 0.2512241679807453,
    "сбор запись систематизация": 0.2501037430492157,
    "извлечение передача": 0.24964727363266662,
    "информационный система": 0.24960577641298032,
    "сбор запись систематизация накопление": 0.24914930699643123,
    "обезличивание блокирование удаление": 0.24823636816333305,
    "обезличивание блокирование удаление уничтожение": 0.24715744045148974,
    "изменение извлечение передача": 0.2464104904971367,
    "обновление изменение извлечение передача": 0.24628599883807784,
    "действие операция": 0.24612000995933273,
    "передача распространение": 0.2444186239521952,
    "распространение предоставление": 0.2444186239521952,
    "пользователь предоставлять": 0.24346418789941074,
    "обработка персональный обработка": 0.24325670180097933,
    "распространение предоставление доступ": 0.24246825462694,
    "передача распространение предоставление": 0.24246825462694,
    "осуществлять обработка": 0.24213627686944975,
    "передача распространение предоставление доступ": 0.2415968130135281,
    "согласие пользователь": 0.24105734915760643,
    "извлечение передача распространение": 0.24043489086231223,
    "средство автоматизация средство": 0.24039339364262594,
    "автоматизация средство": 0.24039339364262594,
    "извлечение передача распространение предоставление": 0.23989542700639058,
    "пользовательский соглашение": 0.2389824881732924,
    "изменение извлечение передача распространение": 0.23856751597642958,
    "обеспечение безопасность": 0.2371981077267823,
    "доступ обезличивание": 0.23715661050709602,
    "доступ обезличивание блокирование": 0.23686612996929204,
    "предоставление доступ обезличивание": 0.23624367167399785,
    "предоставление доступ обезличивание блокирование": 0.2360776827952527,
    "прямо косвенно": 0.23603618557556644,
    "доступ обезличивание блокирование удаление": 0.23578720225744876,
    "распространение предоставление доступ обезличивание": 0.2345837828865466,
    "неправомерный действие": 0.23338036351564445
}